feature,method,group1,group2,p_values,log2FoldChange,p_adjust,adj_method
PWY0-1586,LinDA,Ähtäri,Borås,0.8487103683533396,0.033920563739567325,0.9910038019755495,BH
PWY-6609,LinDA,Ähtäri,Borås,0.7746212046373363,-0.08321040787298434,0.9910038019755495,BH
PWY-1042,LinDA,Ähtäri,Borås,0.6868676687189661,0.04169704761526083,0.9910038019755495,BH
CALVIN-PWY,LinDA,Ähtäri,Borås,0.4905738907796785,-0.10935225175062893,0.9910038019755495,BH
NONOXIPENT-PWY,LinDA,Ähtäri,Borås,0.9739963870156048,-0.00516784487850154,0.9910038019755495,BH
PWY-8178,LinDA,Ähtäri,Borås,0.9152289963685016,0.013929691824518212,0.9910038019755495,BH
PWY-5695,LinDA,Ähtäri,Borås,0.3802393810905065,-0.11688549934196821,0.9299699248094027,BH
PWY66-389,LinDA,Ähtäri,Borås,0.4127390384210776,-0.9241176722282253,0.9690189288884092,BH
PWY0-1296,LinDA,Ähtäri,Borås,0.6483156790018666,0.16975971802858963,0.9910038019755495,BH
GLUCOSE1PMETAB-PWY,LinDA,Ähtäri,Borås,0.40658614485327826,-0.1895575663151547,0.9690189288884092,BH
PWY-7357,LinDA,Ähtäri,Borås,0.5390613371046463,-0.08730277409570433,0.9910038019755495,BH
PWY-7220,LinDA,Ähtäri,Borås,0.9430141852621535,0.015564028829572071,0.9910038019755495,BH
PWY-7222,LinDA,Ähtäri,Borås,0.943014185262154,0.01556402882957196,0.9910038019755495,BH
PWY-5667,LinDA,Ähtäri,Borås,0.8159439697745021,-0.01802064178459499,0.9910038019755495,BH
PWY0-1319,LinDA,Ähtäri,Borås,0.8159439697745013,-0.01802064178459508,0.9910038019755495,BH
PWY-7663,LinDA,Ähtäri,Borås,0.9715224645491319,0.009237837920330144,0.9910038019755495,BH
PHOSLIPSYN-PWY,LinDA,Ähtäri,Borås,0.6399769745538619,-0.03993152224297686,0.9910038019755495,BH
PWY-5973,LinDA,Ähtäri,Borås,0.8887119934657244,0.033201206106338116,0.9910038019755495,BH
PWY-6385,LinDA,Ähtäri,Borås,0.6541028081754245,-0.03421524416014162,0.9910038019755495,BH
PWY4FS-7,LinDA,Ähtäri,Borås,0.61541763721973,-0.04484100942800099,0.9910038019755495,BH
PWY0-1586,LinDA,Ähtäri,Duisburg,0.7827332306204076,-0.04748575862988877,0.9910038019755495,BH
PWY-6609,LinDA,Ähtäri,Duisburg,0.642750215730834,-0.13060125571695047,0.9910038019755495,BH
PWY-1042,LinDA,Ähtäri,Duisburg,0.7063905127822269,-0.0377250984281193,0.9910038019755495,BH
CALVIN-PWY,LinDA,Ähtäri,Duisburg,0.9482890019695891,0.009938441826488068,0.9910038019755495,BH
NONOXIPENT-PWY,LinDA,Ähtäri,Duisburg,0.3567539961928945,-0.14203834117241979,0.909372931472084,BH
PWY-8178,LinDA,Ähtäri,Duisburg,0.9182885203656596,0.012998791597403886,0.9910038019755495,BH
PWY-5695,LinDA,Ähtäri,Duisburg,0.5347198970950479,0.07992629263060594,0.9910038019755495,BH
PWY66-389,LinDA,Ähtäri,Duisburg,0.5728001006685715,0.6150102494799861,0.9910038019755495,BH
PWY0-1296,LinDA,Ähtäri,Duisburg,0.7887929126420985,0.09647466408916316,0.9910038019755495,BH
GLUCOSE1PMETAB-PWY,LinDA,Ähtäri,Duisburg,0.27207584656059014,0.24349105829418996,0.8408526586572936,BH
PWY-7357,LinDA,Ähtäri,Duisburg,0.45847861671926704,0.10210867876849729,0.9910038019755495,BH
PWY-7220,LinDA,Ähtäri,Duisburg,0.6896503178588724,-0.08424838455925031,0.9910038019755495,BH
PWY-7222,LinDA,Ähtäri,Duisburg,0.6896503178588724,-0.08424838455925034,0.9910038019755495,BH
PWY-5667,LinDA,Ähtäri,Duisburg,0.9369267390792253,-0.00593058797255094,0.9910038019755495,BH
PWY0-1319,LinDA,Ähtäri,Duisburg,0.9369267390792252,-0.005930587972550954,0.9910038019755495,BH
PWY-7663,LinDA,Ähtäri,Duisburg,0.7379990208236888,0.08385550593327587,0.9910038019755495,BH
PHOSLIPSYN-PWY,LinDA,Ähtäri,Duisburg,0.12544323412169678,-0.12795848934824133,0.5837271004379112,BH
PWY-5973,LinDA,Ähtäri,Duisburg,0.6340547789388951,0.10946501388387885,0.9910038019755495,BH
PWY-6385,LinDA,Ähtäri,Duisburg,0.7926526027262893,0.019423376968438738,0.9910038019755495,BH
PWY4FS-7,LinDA,Ähtäri,Duisburg,0.03404989282096595,-0.18693852093640273,0.2603815333367985,BH
PWY0-1586,LinDA,Ähtäri,Gaia,0.441054129234127,0.13299268972400624,0.9877209758255094,BH
PWY-6609,LinDA,Ähtäri,Gaia,0.16196290864927682,-0.3970378995484316,0.6684183531557456,BH
PWY-1042,LinDA,Ähtäri,Gaia,0.02431460142136728,-0.23092979055057103,0.22577844176983905,BH
CALVIN-PWY,LinDA,Ähtäri,Gaia,3.944395289995239e-5,-0.6840624773941486,0.01025542775398762,BH
NONOXIPENT-PWY,LinDA,Ähtäri,Gaia,1.1564812083180272e-4,-0.6361650128474178,0.015034255708134353,BH
PWY-8178,LinDA,Ähtäri,Gaia,0.007076383996006216,-0.3533436649538323,0.11499123993510102,BH
PWY-5695,LinDA,Ähtäri,Gaia,0.28080794743391235,0.13936646755077448,0.8408526586572936,BH
PWY66-389,LinDA,Ähtäri,Gaia,0.00372411675597061,3.2892171754758834,0.08068919637936321,BH
PWY0-1296,LinDA,Ähtäri,Gaia,0.8853224869615897,-0.05192925313643336,0.9910038019755495,BH
GLUCOSE1PMETAB-PWY,LinDA,Ähtäri,Gaia,0.9440081041268448,-0.01548178735482119,0.9910038019755495,BH
PWY-7357,LinDA,Ähtäri,Gaia,0.5501608081882693,-0.08222246347883594,0.9910038019755495,BH
PWY-7220,LinDA,Ähtäri,Gaia,4.883985797873912e-4,-0.7797285940641419,0.021478674933711393,BH
PWY-7222,LinDA,Ähtäri,Gaia,4.883985797873897e-4,-0.7797285940641421,0.021478674933711393,BH
PWY-5667,LinDA,Ähtäri,Gaia,0.7609559067715601,0.02280938743349913,0.9910038019755495,BH
PWY0-1319,LinDA,Ähtäri,Gaia,0.7609559067715604,0.02280938743349909,0.9910038019755495,BH
PWY-7663,LinDA,Ähtäri,Gaia,0.4136965427177439,0.20545536320619534,0.9690189288884092,BH
PHOSLIPSYN-PWY,LinDA,Ähtäri,Gaia,0.5683381946668871,-0.04718261140773807,0.9910038019755495,BH
PWY-5973,LinDA,Ähtäri,Gaia,0.3262439769060561,0.22654277853839316,0.8744683917069545,BH
PWY-6385,LinDA,Ähtäri,Gaia,0.5755541423645876,-0.04141861515451114,0.9910038019755495,BH
PWY4FS-7,LinDA,Ähtäri,Gaia,0.4971576553552509,-0.058739616441890505,0.9910038019755495,BH
PWY0-1586,LinDA,Ähtäri,Helsinki,0.52156958061913,0.11940100715780913,0.9910038019755495,BH
PWY-6609,LinDA,Ähtäri,Helsinki,0.31216478455972774,-0.30854799140446965,0.8454462915159293,BH
PWY-1042,LinDA,Ähtäri,Helsinki,0.3484413850765594,-0.10177678196723865,0.8969778229693609,BH
CALVIN-PWY,LinDA,Ähtäri,Helsinki,0.04498976302509636,-0.33825684538617246,0.30782469438223825,BH
NONOXIPENT-PWY,LinDA,Ähtäri,Helsinki,0.1891406973531111,-0.21951883404856526,0.7450997168455892,BH
PWY-8178,LinDA,Ähtäri,Helsinki,0.46338202864717504,-0.10060900123671782,0.9910038019755495,BH
PWY-5695,LinDA,Ähtäri,Helsinki,0.6667812522361334,-0.059817664688136825,0.9910038019755495,BH
PWY66-389,LinDA,Ähtäri,Helsinki,0.9583237573001766,-0.061464376167392074,0.9910038019755495,BH
PWY0-1296,LinDA,Ähtäri,Helsinki,0.9014412323756947,0.04816112387852655,0.9910038019755495,BH
GLUCOSE1PMETAB-PWY,LinDA,Ähtäri,Helsinki,0.5320678904297131,0.14904808483446913,0.9910038019755495,BH
PWY-7357,LinDA,Ähtäri,Helsinki,0.34503014133410237,-0.14070697357008236,0.8969778229693609,BH
PWY-7220,LinDA,Ähtäri,Helsinki,0.48492889373824377,-0.15939854518192859,0.9910038019755495,BH
PWY-7222,LinDA,Ähtäri,Helsinki,0.48492889373824355,-0.1593985451819286,0.9910038019755495,BH
PWY-5667,LinDA,Ähtäri,Helsinki,0.5450864850963102,0.04906951305990671,0.9910038019755495,BH
PWY0-1319,LinDA,Ähtäri,Helsinki,0.5450864850963104,0.04906951305990669,0.9910038019755495,BH
PWY-7663,LinDA,Ähtäri,Helsinki,0.9871922488910282,0.004344343584681866,0.9910038019755495,BH
PHOSLIPSYN-PWY,LinDA,Ähtäri,Helsinki,0.8643561473602632,0.015238965056953428,0.9910038019755495,BH
PWY-5973,LinDA,Ähtäri,Helsinki,0.9660053303931837,0.010574372840996653,0.9910038019755495,BH
PWY-6385,LinDA,Ähtäri,Helsinki,0.7884529737747357,-0.021415100863684165,0.9910038019755495,BH
PWY4FS-7,LinDA,Ähtäri,Helsinki,0.926672074334554,0.008581471341131498,0.9910038019755495,BH
PWY0-1586,LinDA,Ähtäri,Herberstein,0.48152115562157705,0.13117737985507638,0.9910038019755495,BH
PWY-6609,LinDA,Ähtäri,Herberstein,0.7662587593641447,-0.09035016055951137,0.9910038019755495,BH
PWY-1042,LinDA,Ähtäri,Herberstein,0.8798204197017462,-0.016345405843350133,0.9910038019755495,BH
CALVIN-PWY,LinDA,Ähtäri,Herberstein,0.08497083119245309,-0.2891753466918887,0.46025866895912093,BH
NONOXIPENT-PWY,LinDA,Ähtäri,Herberstein,0.2008704424041422,-0.2137364497409383,0.7789769449741326,BH
PWY-8178,LinDA,Ähtäri,Herberstein,0.868303345119673,-0.022694900066371898,0.9910038019755495,BH
PWY-5695,LinDA,Ähtäri,Herberstein,0.5634182538253905,0.0803246691690524,0.9910038019755495,BH
PWY66-389,LinDA,Ähtäri,Herberstein,0.3093833011632693,1.201498558993596,0.8454462915159293,BH
PWY0-1296,LinDA,Ähtäri,Herberstein,0.43887406673685336,0.3018797238498918,0.9877209758255094,BH
GLUCOSE1PMETAB-PWY,LinDA,Ähtäri,Herberstein,0.14245770522456214,0.3528094203348212,0.6386035061790716,BH
PWY-7357,LinDA,Ähtäri,Herberstein,0.5542828670176276,0.08789108933605663,0.9910038019755495,BH
PWY-7220,LinDA,Ähtäri,Herberstein,0.25860733515353973,-0.25880531905673165,0.8408526586572936,BH
PWY-7222,LinDA,Ähtäri,Herberstein,0.25860733515353956,-0.2588053190567317,0.8408526586572936,BH
PWY-5667,LinDA,Ähtäri,Herberstein,0.9570866702927429,0.004355796628547584,0.9910038019755495,BH
PWY0-1319,LinDA,Ähtäri,Herberstein,0.9570866702927429,0.004355796628547577,0.9910038019755495,BH
PWY-7663,LinDA,Ähtäri,Herberstein,0.6006292774158082,0.14185721476376834,0.9910038019755495,BH
PHOSLIPSYN-PWY,LinDA,Ähtäri,Herberstein,0.7548939135874382,-0.02785808189392991,0.9910038019755495,BH
PWY-5973,LinDA,Ähtäri,Herberstein,0.41772090086153135,0.20169518643339002,0.9697092341428407,BH
PWY-6385,LinDA,Ähtäri,Herberstein,0.9256614691377522,0.007444576517516753,0.9910038019755495,BH
PWY4FS-7,LinDA,Ähtäri,Herberstein,0.7844330615640885,-0.02551455873781283,0.9910038019755495,BH
PWY0-1586,LinDA,Ähtäri,Kolmården,0.819716201736193,-0.040528617231762765,0.9910038019755495,BH
PWY-6609,LinDA,Ähtäri,Kolmården,0.10167260736501313,-0.48159644857793904,0.5077083060105919,BH
PWY-1042,LinDA,Ähtäri,Kolmården,0.06516348156379266,-0.19373078572635585,0.41323183430697785,BH
CALVIN-PWY,LinDA,Ähtäri,Kolmården,0.0029584320294923213,-0.49081739396275115,0.07489460168926852,BH
NONOXIPENT-PWY,LinDA,Ähtäri,Kolmården,0.007799245837627767,-0.4364169203419121,0.11928258339901292,BH
PWY-8178,LinDA,Ähtäri,Kolmården,0.028945450479933927,-0.29242451029819244,0.23518178514946317,BH
PWY-5695,LinDA,Ähtäri,Kolmården,0.7054640385150992,0.05019715645776279,0.9910038019755495,BH
PWY66-389,LinDA,Ähtäri,Kolmården,0.005931596868884052,3.209270755047014,0.10919933740558525,BH
PWY0-1296,LinDA,Ähtäri,Kolmården,0.891818065330527,0.05057452781416749,0.9910038019755495,BH
GLUCOSE1PMETAB-PWY,LinDA,Ähtäri,Kolmården,0.34217516378619695,0.2171779812448636,0.8969778229693609,BH
PWY-7357,LinDA,Ähtäri,Kolmården,0.38299056055628233,-0.12422357923592178,0.9299699248094027,BH
PWY-7220,LinDA,Ähtäri,Kolmården,0.015147012757347188,-0.5440116034847776,0.16409263820459455,BH
PWY-7222,LinDA,Ähtäri,Kolmården,0.015147012757347188,-0.5440116034847777,0.16409263820459455,BH
PWY-5667,LinDA,Ähtäri,Kolmården,0.6743715771808478,0.03254737189263919,0.9910038019755495,BH
PWY0-1319,LinDA,Ähtäri,Kolmården,0.6743715771808483,0.03254737189263915,0.9910038019755495,BH
PWY-7663,LinDA,Ähtäri,Kolmården,0.8730783418018387,0.041343339426730755,0.9910038019755495,BH
PHOSLIPSYN-PWY,LinDA,Ähtäri,Kolmården,0.9520980821459819,-0.00512329422866006,0.9910038019755495,BH
PWY-5973,LinDA,Ähtäri,Kolmården,0.697465896634725,0.09229216944414223,0.9910038019755495,BH
PWY-6385,LinDA,Ähtäri,Kolmården,0.28242629954568377,-0.08245387439861049,0.8408526586572936,BH
PWY4FS-7,LinDA,Ähtäri,Kolmården,0.7236904492698216,-0.03153760261212302,0.9910038019755495,BH
PWY0-1586,LinDA,Ähtäri,Lycksele,0.3009568807524982,0.17896628638915474,0.8413848279102101,BH
PWY-6609,LinDA,Ähtäri,Lycksele,3.975235421597678e-4,-1.0586286263251723,0.021478674933711393,BH
PWY-1042,LinDA,Ähtäri,Lycksele,0.05959626488254777,-0.19174655548265446,0.3873757217365605,BH
CALVIN-PWY,LinDA,Ähtäri,Lycksele,0.020508442290526795,-0.364291748794369,0.19748870353840617,BH
NONOXIPENT-PWY,LinDA,Ähtäri,Lycksele,0.032464632283121124,-0.33556144182259967,0.2557819513215604,BH
PWY-8178,LinDA,Ähtäri,Lycksele,0.2826404891359911,-0.13687790351317786,0.8408526586572936,BH
PWY-5695,LinDA,Ähtäri,Lycksele,0.37332029826158997,0.11483928151453854,0.9299699248094027,BH
PWY66-389,LinDA,Ähtäri,Lycksele,0.011253252488263891,2.8466259323177963,0.14902615196421587,BH
PWY0-1296,LinDA,Ähtäri,Lycksele,0.13607819088595557,-0.5423490433979126,0.6207075373745342,BH
GLUCOSE1PMETAB-PWY,LinDA,Ähtäri,Lycksele,0.2474644434191245,0.25656253974628584,0.8408526586572936,BH
PWY-7357,LinDA,Ähtäri,Lycksele,0.38007703551278216,-0.12102267345625062,0.9299699248094027,BH
PWY-7220,LinDA,Ähtäri,Lycksele,0.012338922531832455,-0.5436202638481544,0.14902615196421587,BH
PWY-7222,LinDA,Ähtäri,Lycksele,0.012338922531832473,-0.5436202638481544,0.14902615196421587,BH
PWY-5667,LinDA,Ähtäri,Lycksele,0.6592155696660147,0.033079830576946204,0.9910038019755495,BH
PWY0-1319,LinDA,Ähtäri,Lycksele,0.6592155696660149,0.033079830576946176,0.9910038019755495,BH
PWY-7663,LinDA,Ähtäri,Lycksele,0.12572583701739626,-0.38795602366943066,0.5837271004379112,BH
PHOSLIPSYN-PWY,LinDA,Ähtäri,Lycksele,0.4444744391214792,0.06331838542101978,0.9877209758255094,BH
PWY-5973,LinDA,Ähtäri,Lycksele,0.23654668102734083,-0.27371732336636245,0.8311099603663327,BH
PWY-6385,LinDA,Ähtäri,Lycksele,0.9292906348308458,-0.006554925115266612,0.9910038019755495,BH
PWY4FS-7,LinDA,Ähtäri,Lycksele,0.6170472473155812,0.04321650014889153,0.9910038019755495,BH
PWY0-1586,LinDA,Ähtäri,Nordens ark,0.08305680132472652,-0.3494872079901283,0.4594631562644446,BH
PWY-6609,LinDA,Ähtäri,Nordens ark,0.15276162123506112,-0.46893411996278983,0.6619670253519315,BH
PWY-1042,LinDA,Ähtäri,Nordens ark,0.10349438545600528,-0.19054190301584795,0.5077083060105919,BH
CALVIN-PWY,LinDA,Ähtäri,Nordens ark,0.15670568149068012,-0.2530011261417704,0.6643827659157692,BH
NONOXIPENT-PWY,LinDA,Ähtäri,Nordens ark,0.2117162620743532,-0.22301477338817888,0.7886223027249174,BH
PWY-8178,LinDA,Ähtäri,Nordens ark,0.6599783886629913,-0.0644232302370286,0.9910038019755495,BH
PWY-5695,LinDA,Ähtäri,Nordens ark,0.9708530599344579,-0.005421897861684519,0.9910038019755495,BH
PWY66-389,LinDA,Ähtäri,Nordens ark,0.07501572372720965,2.2727656591247904,0.45358344579243043,BH
PWY0-1296,LinDA,Ähtäri,Nordens ark,0.9871343830904552,0.0067035779799925165,0.9910038019755495,BH
GLUCOSE1PMETAB-PWY,LinDA,Ähtäri,Nordens ark,0.6093950947041005,0.1302101737556612,0.9910038019755495,BH
PWY-7357,LinDA,Ähtäri,Nordens ark,0.17322148335219956,-0.2179538584514228,0.7037122761183107,BH
PWY-7220,LinDA,Ähtäri,Nordens ark,0.0409364462622522,-0.5076590275611899,0.29565211189404367,BH
PWY-7222,LinDA,Ähtäri,Nordens ark,0.0409364462622522,-0.5076590275611899,0.29565211189404367,BH
PWY-5667,LinDA,Ähtäri,Nordens ark,0.7832817842967565,-0.023809792917158963,0.9910038019755495,BH
PWY0-1319,LinDA,Ähtäri,Nordens ark,0.7832817842967562,-0.02380979291715901,0.9910038019755495,BH
PWY-7663,LinDA,Ähtäri,Nordens ark,0.970733004234694,0.010614668193773817,0.9910038019755495,BH
PHOSLIPSYN-PWY,LinDA,Ähtäri,Nordens ark,0.712391251320988,0.0351733397194309,0.9910038019755495,BH
PWY-5973,LinDA,Ähtäri,Nordens ark,0.8029148511268025,0.06621814066913308,0.9910038019755495,BH
PWY-6385,LinDA,Ähtäri,Nordens ark,0.911064054502349,-0.009527514747041176,0.9910038019755495,BH
PWY4FS-7,LinDA,Ähtäri,Nordens ark,0.9219498460795434,0.00976666058496349,0.9910038019755495,BH
PWY0-1586,LinDA,Ähtäri,Osnabrück,0.28459628446862245,-0.1852037036145067,0.8408526586572936,BH
PWY-6609,LinDA,Ähtäri,Osnabrück,0.10646680640375421,-0.4597270499541068,0.5126179567588166,BH
PWY-1042,LinDA,Ähtäri,Osnabrück,0.3005934676884653,-0.10412538577411529,0.8413848279102101,BH
CALVIN-PWY,LinDA,Ähtäri,Osnabrück,0.04284794009159379,-0.31648328973917006,0.30109363307606446,BH
NONOXIPENT-PWY,LinDA,Ähtäri,Osnabrück,0.02037164058927963,-0.3653470484618436,0.19748870353840617,BH
PWY-8178,LinDA,Ähtäri,Osnabrück,0.2953728253895089,-0.13327312553719514,0.8413848279102101,BH
PWY-5695,LinDA,Ähtäri,Osnabrück,0.2692321347907422,0.14280758506784064,0.8408526586572936,BH
PWY66-389,LinDA,Ähtäri,Osnabrück,0.005949030205447098,3.1061974071604808,0.10919933740558525,BH
PWY0-1296,LinDA,Ähtäri,Osnabrück,0.659657957269706,-0.15869414364653053,0.9910038019755495,BH
GLUCOSE1PMETAB-PWY,LinDA,Ähtäri,Osnabrück,0.07037037439764578,0.40516086199868157,0.4356261272235215,BH
PWY-7357,LinDA,Ähtäri,Osnabrück,0.21958735933366919,-0.16985807313243054,0.7929543531493609,BH
PWY-7220,LinDA,Ähtäri,Osnabrück,7.434925938592399e-4,-0.7513293366876698,0.021478674933711393,BH
PWY-7222,LinDA,Ähtäri,Osnabrück,7.434925938592405e-4,-0.7513293366876698,0.021478674933711393,BH
PWY-5667,LinDA,Ähtäri,Osnabrück,0.8311754586262193,0.015980701885520497,0.9910038019755495,BH
PWY0-1319,LinDA,Ähtäri,Osnabrück,0.8311754586262197,0.015980701885520466,0.9910038019755495,BH
PWY-7663,LinDA,Ähtäri,Osnabrück,0.9342797264291159,-0.020661606182529785,0.9910038019755495,BH
PHOSLIPSYN-PWY,LinDA,Ähtäri,Osnabrück,0.4597504458184345,0.061203854156809415,0.9910038019755495,BH
PWY-5973,LinDA,Ähtäri,Osnabrück,0.8809901583997266,0.03439413008983062,0.9910038019755495,BH
PWY-6385,LinDA,Ähtäri,Osnabrück,0.7291938945147596,0.025586862558686384,0.9910038019755495,BH
PWY4FS-7,LinDA,Ähtäri,Osnabrück,0.5516194810975588,0.051478098131437264,0.9910038019755495,BH
PWY0-1586,LinDA,Ähtäri,Salzburg,0.3862951995362134,0.1496664570240716,0.9299699248094027,BH
PWY-6609,LinDA,Ähtäri,Salzburg,0.2820205232521262,-0.3042571830829667,0.8408526586572936,BH
PWY-1042,LinDA,Ähtäri,Salzburg,0.44076266470754655,-0.07736809654595525,0.9877209758255094,BH
CALVIN-PWY,LinDA,Ähtäri,Salzburg,0.009584449185705276,-0.4099612598915713,0.13844204379352065,BH
NONOXIPENT-PWY,LinDA,Ähtäri,Salzburg,0.14681564443706344,-0.22496345442117235,0.6469841958243473,BH
PWY-8178,LinDA,Ähtäri,Salzburg,0.8716947710939025,-0.020465383261334222,0.9910038019755495,BH
PWY-5695,LinDA,Ähtäri,Salzburg,0.7402890156633593,0.042618840760680135,0.9910038019755495,BH
PWY66-389,LinDA,Ähtäri,Salzburg,0.07885476983422789,1.9420885175330262,0.4594631562644446,BH
PWY0-1296,LinDA,Ähtäri,Salzburg,0.6629474652494124,0.15705586440730496,0.9910038019755495,BH
GLUCOSE1PMETAB-PWY,LinDA,Ähtäri,Salzburg,0.2400049042603135,0.26070776913966337,0.8320170014357535,BH
PWY-7357,LinDA,Ähtäri,Salzburg,0.7166805640535734,-0.049883674499816066,0.9910038019755495,BH
PWY-7220,LinDA,Ähtäri,Salzburg,0.09095745506077182,-0.3612502835705472,0.4637046728588367,BH
PWY-7222,LinDA,Ähtäri,Salzburg,0.0909574550607718,-0.36125028357054734,0.4637046728588367,BH
PWY-5667,LinDA,Ähtäri,Salzburg,0.7734342013071916,0.021583298811106336,0.9910038019755495,BH
PWY0-1319,LinDA,Ähtäri,Salzburg,0.7734342013071922,0.021583298811106287,0.9910038019755495,BH
PWY-7663,LinDA,Ähtäri,Salzburg,0.30521417335007256,0.2581847541662813,0.844209415649137,BH
PHOSLIPSYN-PWY,LinDA,Ähtäri,Salzburg,0.68896982394401,-0.03307649472262221,0.9910038019755495,BH
PWY-5973,LinDA,Ähtäri,Salzburg,0.2993161756793459,0.23963988285431737,0.8413848279102101,BH
PWY-6385,LinDA,Ähtäri,Salzburg,0.8929313370200309,0.009942929541764317,0.9910038019755495,BH
PWY4FS-7,LinDA,Ähtäri,Salzburg,0.6360769237556805,-0.04089100059563354,0.9910038019755495,BH
PWY0-1586,LinDA,Ähtäri,Skansen,0.9839128396958974,0.004007889468101752,0.9910038019755495,BH
PWY-6609,LinDA,Ähtäri,Skansen,0.5973513010375932,-0.17178050650402393,0.9910038019755495,BH
PWY-1042,LinDA,Ähtäri,Skansen,0.9973738450519081,-3.803494325201537e-4,0.9973738450519081,BH
CALVIN-PWY,LinDA,Ähtäri,Skansen,0.028290247441706225,-0.3971224842653286,0.23518178514946317,BH
NONOXIPENT-PWY,LinDA,Ähtäri,Skansen,0.3852302266267179,-0.154461399162131,0.9299699248094027,BH
PWY-8178,LinDA,Ähtäri,Skansen,0.9059792413847706,-0.017280951570087973,0.9910038019755495,BH
PWY-5695,LinDA,Ähtäri,Skansen,0.018870649029149183,-0.35776157145498594,0.1962547499031515,BH
PWY66-389,LinDA,Ähtäri,Skansen,0.1810392594588378,1.6962345375748935,0.7241570378353512,BH
PWY0-1296,LinDA,Ähtäri,Skansen,0.5479750471260827,-0.25019024217186764,0.9910038019755495,BH
GLUCOSE1PMETAB-PWY,LinDA,Ähtäri,Skansen,0.9018114684328113,0.031404435587787764,0.9910038019755495,BH
PWY-7357,LinDA,Ähtäri,Skansen,0.7942954858708675,-0.04137263151929501,0.9910038019755495,BH
PWY-7220,LinDA,Ähtäri,Skansen,0.6736037945288265,-0.10262005554669937,0.9910038019755495,BH
PWY-7222,LinDA,Ähtäri,Skansen,0.6736037945288265,-0.1026200555466994,0.9910038019755495,BH
PWY-5667,LinDA,Ähtäri,Skansen,0.02636511323478507,0.1967730235657772,0.2284976480348039,BH
PWY0-1319,LinDA,Ähtäri,Skansen,0.02636511323478507,0.19677302356577717,0.2284976480348039,BH
PWY-7663,LinDA,Ähtäri,Skansen,0.876487806473421,0.04497109546759696,0.9910038019755495,BH
PHOSLIPSYN-PWY,LinDA,Ähtäri,Skansen,0.1584297364876065,0.13576147129381919,0.6643827659157692,BH
PWY-5973,LinDA,Ähtäri,Skansen,0.6986067418697672,0.10277600378567397,0.9910038019755495,BH
PWY-6385,LinDA,Ähtäri,Skansen,0.7452129697379606,-0.027730608889894946,0.9910038019755495,BH
PWY4FS-7,LinDA,Ähtäri,Skansen,0.29971304635850443,0.10390147229403078,0.8413848279102101,BH
PWY0-1586,LinDA,Ähtäri,Ústí nad Labem,0.22927993824513712,-0.2250730674073841,0.8166134786813103,BH
PWY-6609,LinDA,Ähtäri,Ústí nad Labem,0.20373243176246544,-0.38911501450303687,0.7789769449741326,BH
PWY-1042,LinDA,Ähtäri,Ústí nad Labem,0.27459241822198427,-0.11877233819681038,0.8408526586572936,BH
CALVIN-PWY,LinDA,Ähtäri,Ústí nad Labem,0.01260990516620288,-0.4254135196845119,0.14902615196421587,BH
NONOXIPENT-PWY,LinDA,Ähtäri,Ústí nad Labem,0.0031686177637767453,-0.5102390871269471,0.07489460168926852,BH
PWY-8178,LinDA,Ähtäri,Ústí nad Labem,0.08828077795862051,-0.2365283168261495,0.4637046728588367,BH
PWY-5695,LinDA,Ähtäri,Ústí nad Labem,0.08222549118571838,0.24473596216229332,0.4594631562644446,BH
PWY66-389,LinDA,Ähtäri,Ústí nad Labem,0.00629996177339915,3.330433192266545,0.10919933740558525,BH
PWY0-1296,LinDA,Ähtäri,Ústí nad Labem,0.5682460872974815,0.22224549781439035,0.9910038019755495,BH
GLUCOSE1PMETAB-PWY,LinDA,Ähtäri,Ústí nad Labem,0.08046518241300146,0.42229994609163407,0.4594631562644446,BH
PWY-7357,LinDA,Ähtäri,Ústí nad Labem,0.9219429635975827,-0.014539879531419844,0.9910038019755495,BH
PWY-7220,LinDA,Ähtäri,Ústí nad Labem,6.764337346989975e-4,-0.8184772041880068,0.021478674933711393,BH
PWY-7222,LinDA,Ähtäri,Ústí nad Labem,6.764337346989954e-4,-0.8184772041880071,0.021478674933711393,BH
PWY-5667,LinDA,Ähtäri,Ústí nad Labem,0.7993904779063956,0.020577826679857712,0.9910038019755495,BH
PWY0-1319,LinDA,Ähtäri,Ústí nad Labem,0.7993904779063961,0.020577826679857664,0.9910038019755495,BH
PWY-7663,LinDA,Ähtäri,Ústí nad Labem,0.8648866639206383,-0.04605552926918549,0.9910038019755495,BH
PHOSLIPSYN-PWY,LinDA,Ähtäri,Ústí nad Labem,0.7470968355232943,0.028776014393531786,0.9910038019755495,BH
PWY-5973,LinDA,Ähtäri,Ústí nad Labem,0.8376534589054484,0.05084738257209492,0.9910038019755495,BH
PWY-6385,LinDA,Ähtäri,Ústí nad Labem,0.9855093614762155,-0.0014490732854406455,0.9910038019755495,BH
PWY4FS-7,LinDA,Ähtäri,Ústí nad Labem,0.8628838078928166,0.016105236675427424,0.9910038019755495,BH
PWY0-1586,LinDA,Ähtäri,Vildriket,0.7480636574846413,-0.05531676043648086,0.9910038019755495,BH
PWY-6609,LinDA,Ähtäri,Vildriket,0.7112143938756222,-0.1042001591237376,0.9910038019755495,BH
PWY-1042,LinDA,Ähtäri,Vildriket,0.9384459624208308,0.007728453262482608,0.9910038019755495,BH
CALVIN-PWY,LinDA,Ähtäri,Vildriket,0.4973668418031756,-0.10422035900597641,0.9910038019755495,BH
NONOXIPENT-PWY,LinDA,Ähtäri,Vildriket,0.43752026198323446,-0.11952165762636137,0.9877209758255094,BH
PWY-8178,LinDA,Ähtäri,Vildriket,0.8470504463796231,-0.02444264390050698,0.9910038019755495,BH
PWY-5695,LinDA,Ähtäri,Vildriket,0.88256653533519,0.018984695710909046,0.9910038019755495,BH
PWY66-389,LinDA,Ähtäri,Vildriket,0.2803404873816447,1.1820985776295514,0.8408526586572936,BH
PWY0-1296,LinDA,Ähtäri,Vildriket,0.7536312094623844,0.11304719170029148,0.9910038019755495,BH
GLUCOSE1PMETAB-PWY,LinDA,Ähtäri,Vildriket,0.9218476376970604,0.021626539243034516,0.9910038019755495,BH
PWY-7357,LinDA,Ähtäri,Vildriket,0.0585154471024029,-0.2643693890032525,0.3873757217365605,BH
PWY-7220,LinDA,Ähtäri,Vildriket,0.8934850549665045,-0.02822957365718197,0.9910038019755495,BH
PWY-7222,LinDA,Ähtäri,Vildriket,0.8934850549665043,-0.02822957365718204,0.9910038019755495,BH
PWY-5667,LinDA,Ähtäri,Vildriket,0.2153545518979578,0.09353332075157811,0.7886223027249174,BH
PWY0-1319,LinDA,Ähtäri,Vildriket,0.2153545518979582,0.09353332075157803,0.7886223027249174,BH
PWY-7663,LinDA,Ähtäri,Vildriket,0.5784278287639328,-0.13943231798507394,0.9910038019755495,BH
PHOSLIPSYN-PWY,LinDA,Ähtäri,Vildriket,0.280993020729328,0.0895185798425778,0.8408526586572936,BH
PWY-5973,LinDA,Ähtäri,Vildriket,0.6045034986847106,-0.11912550719216074,0.9910038019755495,BH
PWY-6385,LinDA,Ähtäri,Vildriket,0.7124778579048228,0.02723946729620548,0.9910038019755495,BH
PWY4FS-7,LinDA,Ähtäri,Vildriket,0.33191529032858025,0.08413273157592202,0.8805915865860292,BH
